<application>
  <component name="AppStorage">
    <histories>
      <item value="验证" />
      <item value="JWT strings must contain exactly 2 period characters. Found: 0" />
      <item value="Description: Failed to configure a DataSource: 'url' attribute is not specified and no embedded datasource could be configured. Reason: Failed to determine a suitable driver class Action: Consider the following: If you want an embedded database (H2, HSQL or Derby), please put it on the classpath. If you have database settings to be loaded from a particular profile you may need to activate it (the profiles dev are currently active)." />
      <item value="Failed to configure a DataSource: 'url' attribute is not specified and no embedded datasource could be configured." />
      <item value="Invalid bound statement (not found)" />
      <item value="自动化测试平台" />
      <item value="Column 'project_id' in where clause is ambiguous; nested exception is java.sql.SQLIntegrityConstraintViolationException: Column 'project_id' in where clause is ambiguous" />
      <item value="成员管理" />
      <item value="Result Maps collection already contains value for com.ruoyi.system.mapper.SysProjectUserMapper.SysProjectUserResult" />
      <item value="auto increment" />
      <item value="varchar" />
    </histories>
    <option name="languageScores">
      <map>
        <entry key="CHINESE" value="8" />
        <entry key="ENGLISH" value="8" />
      </map>
    </option>
  </component>
  <component name="Cache">
    <option name="lastTrimTime" value="1665973243497" />
  </component>
  <component name="Settings">
    <option name="showReplacementActionInContextMenu" value="true" />
  </component>
</application>