<keymap version="1" name="My KeyMap base VSCode" parent="VSCode">
  <action id="ActivateDatabaseToolWindow">
    <keyboard-shortcut first-keystroke="shift alt d" />
  </action>
  <action id="CommentByBlockComment">
    <keyboard-shortcut first-keystroke="shift ctrl slash" />
  </action>
  <action id="Console.Jdbc.Execute">
    <keyboard-shortcut first-keystroke="ctrl enter" />
  </action>
  <action id="Console.TableResult.EditValue">
    <keyboard-shortcut first-keystroke="enter" />
  </action>
  <action id="Console.TableResult.Reload">
    <keyboard-shortcut first-keystroke="ctrl r" />
  </action>
  <action id="FileChooser.NewFile" />
  <action id="NewElementInMenuGroup">
    <keyboard-shortcut first-keystroke="ctrl n" />
  </action>
  <action id="ReformatCode">
    <keyboard-shortcut first-keystroke="ctrl alt l" />
  </action>
  <action id="Resume">
    <keyboard-shortcut first-keystroke="f9" />
  </action>
  <action id="ShowIntentionActions">
    <keyboard-shortcut first-keystroke="alt enter" />
  </action>
  <action id="ToggleBookmark">
    <keyboard-shortcut first-keystroke="alt b" />
  </action>
  <action id="ToggleLineBreakpoint" />
</keymap>